id,cluster,questionTitle,primaryKeyword,slug,indexStatus
1,机场推荐与选择方法,机场推荐与选择方法高频痛点问题 #1,梯子常见问题,faq-1,index
2,机场推荐与选择方法,机场推荐与选择方法高频痛点问题 #2,梯子常见问题,faq-2,index
3,机场推荐与选择方法,机场推荐与选择方法高频痛点问题 #3,梯子常见问题,faq-3,index
4,机场推荐与选择方法,机场推荐与选择方法高频痛点问题 #4,梯子常见问题,faq-4,index
5,机场推荐与选择方法,机场推荐与选择方法高频痛点问题 #5,梯子常见问题,faq-5,index
6,机场推荐与选择方法,机场推荐与选择方法高频痛点问题 #6,梯子常见问题,faq-6,index
7,机场推荐与选择方法,机场推荐与选择方法高频痛点问题 #7,梯子常见问题,faq-7,index
8,机场推荐与选择方法,机场推荐与选择方法高频痛点问题 #8,梯子常见问题,faq-8,index
9,机场推荐与选择方法,机场推荐与选择方法高频痛点问题 #9,梯子常见问题,faq-9,index
10,机场推荐与选择方法,机场推荐与选择方法高频痛点问题 #10,梯子常见问题,faq-10,index
11,机场推荐与选择方法,机场推荐与选择方法高频痛点问题 #11,梯子常见问题,faq-11,index
12,机场推荐与选择方法,机场推荐与选择方法高频痛点问题 #12,梯子常见问题,faq-12,index
13,机场推荐与选择方法,机场推荐与选择方法高频痛点问题 #13,梯子常见问题,faq-13,index
14,机场推荐与选择方法,机场推荐与选择方法高频痛点问题 #14,梯子常见问题,faq-14,index
15,机场推荐与选择方法,机场推荐与选择方法高频痛点问题 #15,梯子常见问题,faq-15,index
16,机场推荐与选择方法,机场推荐与选择方法高频痛点问题 #16,梯子常见问题,faq-16,index
17,机场推荐与选择方法,机场推荐与选择方法高频痛点问题 #17,梯子常见问题,faq-17,index
18,机场推荐与选择方法,机场推荐与选择方法高频痛点问题 #18,梯子常见问题,faq-18,index
19,Clash客户端与订阅配置,Clash客户端与订阅配置高频痛点问题 #1,梯子常见问题,faq-19,index
20,Clash客户端与订阅配置,Clash客户端与订阅配置高频痛点问题 #2,梯子常见问题,faq-20,index
21,Clash客户端与订阅配置,Clash客户端与订阅配置高频痛点问题 #3,梯子常见问题,faq-21,index
22,Clash客户端与订阅配置,Clash客户端与订阅配置高频痛点问题 #4,梯子常见问题,faq-22,index
23,Clash客户端与订阅配置,Clash客户端与订阅配置高频痛点问题 #5,梯子常见问题,faq-23,index
24,Clash客户端与订阅配置,Clash客户端与订阅配置高频痛点问题 #6,梯子常见问题,faq-24,index
25,Clash客户端与订阅配置,Clash客户端与订阅配置高频痛点问题 #7,梯子常见问题,faq-25,index
26,Clash客户端与订阅配置,Clash客户端与订阅配置高频痛点问题 #8,梯子常见问题,faq-26,index
27,Clash客户端与订阅配置,Clash客户端与订阅配置高频痛点问题 #9,梯子常见问题,faq-27,index
28,Clash客户端与订阅配置,Clash客户端与订阅配置高频痛点问题 #10,梯子常见问题,faq-28,index
29,Clash客户端与订阅配置,Clash客户端与订阅配置高频痛点问题 #11,梯子常见问题,faq-29,index
30,Clash客户端与订阅配置,Clash客户端与订阅配置高频痛点问题 #12,梯子常见问题,faq-30,index
31,Clash客户端与订阅配置,Clash客户端与订阅配置高频痛点问题 #13,梯子常见问题,faq-31,index
32,Clash客户端与订阅配置,Clash客户端与订阅配置高频痛点问题 #14,梯子常见问题,faq-32,index
33,SS/Shadowsocks协议基础,SS/Shadowsocks协议基础高频痛点问题 #1,梯子常见问题,faq-33,index
34,SS/Shadowsocks协议基础,SS/Shadowsocks协议基础高频痛点问题 #2,梯子常见问题,faq-34,index
35,SS/Shadowsocks协议基础,SS/Shadowsocks协议基础高频痛点问题 #3,梯子常见问题,faq-35,index
36,SS/Shadowsocks协议基础,SS/Shadowsocks协议基础高频痛点问题 #4,梯子常见问题,faq-36,index
37,SS/Shadowsocks协议基础,SS/Shadowsocks协议基础高频痛点问题 #5,梯子常见问题,faq-37,index
38,SS/Shadowsocks协议基础,SS/Shadowsocks协议基础高频痛点问题 #6,梯子常见问题,faq-38,index
39,SS/Shadowsocks协议基础,SS/Shadowsocks协议基础高频痛点问题 #7,梯子常见问题,faq-39,index
40,SS/Shadowsocks协议基础,SS/Shadowsocks协议基础高频痛点问题 #8,梯子常见问题,faq-40,index
41,SS/Shadowsocks协议基础,SS/Shadowsocks协议基础高频痛点问题 #9,梯子常见问题,faq-41,index
42,SS/Shadowsocks协议基础,SS/Shadowsocks协议基础高频痛点问题 #10,梯子常见问题,faq-42,index
43,Trojan网络协议与配置,Trojan网络协议与配置高频痛点问题 #1,梯子常见问题,faq-43,index
44,Trojan网络协议与配置,Trojan网络协议与配置高频痛点问题 #2,梯子常见问题,faq-44,index
45,Trojan网络协议与配置,Trojan网络协议与配置高频痛点问题 #3,梯子常见问题,faq-45,index
46,Trojan网络协议与配置,Trojan网络协议与配置高频痛点问题 #4,梯子常见问题,faq-46,index
47,Trojan网络协议与配置,Trojan网络协议与配置高频痛点问题 #5,梯子常见问题,faq-47,index
48,Trojan网络协议与配置,Trojan网络协议与配置高频痛点问题 #6,梯子常见问题,faq-48,index
49,Trojan网络协议与配置,Trojan网络协议与配置高频痛点问题 #7,梯子常见问题,faq-49,index
50,Trojan网络协议与配置,Trojan网络协议与配置高频痛点问题 #8,梯子常见问题,faq-50,index
51,Trojan网络协议与配置,Trojan网络协议与配置高频痛点问题 #9,梯子常见问题,faq-51,index
52,Trojan网络协议与配置,Trojan网络协议与配置高频痛点问题 #10,梯子常见问题,faq-52,index
53,梯子口语搜索与避坑指南,梯子口语搜索与避坑指南高频痛点问题 #1,梯子常见问题,faq-53,index
54,梯子口语搜索与避坑指南,梯子口语搜索与避坑指南高频痛点问题 #2,梯子常见问题,faq-54,index
55,梯子口语搜索与避坑指南,梯子口语搜索与避坑指南高频痛点问题 #3,梯子常见问题,faq-55,index
56,梯子口语搜索与避坑指南,梯子口语搜索与避坑指南高频痛点问题 #4,梯子常见问题,faq-56,index
57,梯子口语搜索与避坑指南,梯子口语搜索与避坑指南高频痛点问题 #5,梯子常见问题,faq-57,index
58,梯子口语搜索与避坑指南,梯子口语搜索与避坑指南高频痛点问题 #6,梯子常见问题,faq-58,index
59,梯子口语搜索与避坑指南,梯子口语搜索与避坑指南高频痛点问题 #7,梯子常见问题,faq-59,index
60,梯子口语搜索与避坑指南,梯子口语搜索与避坑指南高频痛点问题 #8,梯子常见问题,faq-60,index
61,节点地区与延迟测速,节点地区与延迟测速高频痛点问题 #1,梯子常见问题,faq-61,index
62,节点地区与延迟测速,节点地区与延迟测速高频痛点问题 #2,梯子常见问题,faq-62,index
63,节点地区与延迟测速,节点地区与延迟测速高频痛点问题 #3,梯子常见问题,faq-63,index
64,节点地区与延迟测速,节点地区与延迟测速高频痛点问题 #4,梯子常见问题,faq-64,index
65,节点地区与延迟测速,节点地区与延迟测速高频痛点问题 #5,梯子常见问题,faq-65,index
66,节点地区与延迟测速,节点地区与延迟测速高频痛点问题 #6,梯子常见问题,faq-66,index
67,节点地区与延迟测速,节点地区与延迟测速高频痛点问题 #7,梯子常见问题,faq-67,index
68,节点地区与延迟测速,节点地区与延迟测速高频痛点问题 #8,梯子常见问题,faq-68,index
69,节点地区与延迟测速,节点地区与延迟测速高频痛点问题 #9,梯子常见问题,faq-69,index
70,节点地区与延迟测速,节点地区与延迟测速高频痛点问题 #10,梯子常见问题,faq-70,index
71,节点地区与延迟测速,节点地区与延迟测速高频痛点问题 #11,梯子常见问题,faq-71,index
72,节点地区与延迟测速,节点地区与延迟测速高频痛点问题 #12,梯子常见问题,faq-72,index
73,节点地区与延迟测速,节点地区与延迟测速高频痛点问题 #13,梯子常见问题,faq-73,index
74,节点地区与延迟测速,节点地区与延迟测速高频痛点问题 #14,梯子常见问题,faq-74,index
75,套餐价格与流量重置,套餐价格与流量重置高频痛点问题 #1,梯子常见问题,faq-75,index
76,套餐价格与流量重置,套餐价格与流量重置高频痛点问题 #2,梯子常见问题,faq-76,index
77,套餐价格与流量重置,套餐价格与流量重置高频痛点问题 #3,梯子常见问题,faq-77,index
78,套餐价格与流量重置,套餐价格与流量重置高频痛点问题 #4,梯子常见问题,faq-78,index
79,套餐价格与流量重置,套餐价格与流量重置高频痛点问题 #5,梯子常见问题,faq-79,index
80,套餐价格与流量重置,套餐价格与流量重置高频痛点问题 #6,梯子常见问题,faq-80,index
81,套餐价格与流量重置,套餐价格与流量重置高频痛点问题 #7,梯子常见问题,faq-81,index
82,套餐价格与流量重置,套餐价格与流量重置高频痛点问题 #8,梯子常见问题,faq-82,index
83,套餐价格与流量重置,套餐价格与流量重置高频痛点问题 #9,梯子常见问题,faq-83,index
84,套餐价格与流量重置,套餐价格与流量重置高频痛点问题 #10,梯子常见问题,faq-84,index
85,多设备协同与客户端导入,多设备协同与客户端导入高频痛点问题 #1,梯子常见问题,faq-85,index
86,多设备协同与客户端导入,多设备协同与客户端导入高频痛点问题 #2,梯子常见问题,faq-86,index
87,多设备协同与客户端导入,多设备协同与客户端导入高频痛点问题 #3,梯子常见问题,faq-87,index
88,多设备协同与客户端导入,多设备协同与客户端导入高频痛点问题 #4,梯子常见问题,faq-88,index
89,多设备协同与客户端导入,多设备协同与客户端导入高频痛点问题 #5,梯子常见问题,faq-89,index
90,多设备协同与客户端导入,多设备协同与客户端导入高频痛点问题 #6,梯子常见问题,faq-90,index
91,多设备协同与客户端导入,多设备协同与客户端导入高频痛点问题 #7,梯子常见问题,faq-91,index
92,多设备协同与客户端导入,多设备协同与客户端导入高频痛点问题 #8,梯子常见问题,faq-92,index
93,故障排查与防失联指南,故障排查与防失联指南高频痛点问题 #1,梯子常见问题,faq-93,index
94,故障排查与防失联指南,故障排查与防失联指南高频痛点问题 #2,梯子常见问题,faq-94,index
95,故障排查与防失联指南,故障排查与防失联指南高频痛点问题 #3,梯子常见问题,faq-95,index
96,故障排查与防失联指南,故障排查与防失联指南高频痛点问题 #4,梯子常见问题,faq-96,index
97,故障排查与防失联指南,故障排查与防失联指南高频痛点问题 #5,梯子常见问题,faq-97,index
98,故障排查与防失联指南,故障排查与防失联指南高频痛点问题 #6,梯子常见问题,faq-98,index
99,故障排查与防失联指南,故障排查与防失联指南高频痛点问题 #7,梯子常见问题,faq-99,index
100,故障排查与防失联指南,故障排查与防失联指南高频痛点问题 #8,梯子常见问题,faq-100,index
