keyword,normalized_keyword,impressions,trend,cluster,intent,public_status,primary_url,notes
梯子优选,梯子优选,35000,Up,核心,商业转化,active,/,首页核心词
优质梯子推荐,优质梯子推荐,28000,Up,核心,商业转化,active,/categories/recommend/,分类核心词
机场优选,机场优选,25000,Stable,核心,商业转化,active,/services/,服务核心词
稳定梯子,稳定梯子,22000,Up,核心,商业转化,active,/providers/lingdong-cloud/,服务详情
高速翻墙梯子,高速翻墙梯子,19000,Stable,核心,商业转化,active,/categories/recommend/,推荐分类
魔法上网,魔法上网,32000,Up,辅助,信息查询,active,/categories/tutorial/,小白教程
魔法机场,魔法机场,18000,Stable,辅助,商业转化,active,/reviews/,机场测评
科学上网工具,科学上网工具,15000,Up,辅助,信息查询,active,/categories/tutorial/,客户端教程
翻墙机场推荐,翻墙机场推荐,21000,Up,辅助,商业转化,active,/categories/recommend/,精选推荐
节点订阅购买,节点订阅购买,16000,Stable,辅助,交易购买,active,/services/,自营专区
IPLC专线梯子,IPLC专线梯子,24000,Up,辅助,技术选择,active,/providers/lingdong-cloud/,灵动云专线
便宜好用梯子,便宜好用梯子,27000,Up,辅助,价格敏感,active,/providers/flycat-cloud/,飞猫云年付
梯子软件下载,梯子软件下载,20000,Stable,辅助,软件下载,active,/categories/tutorial/,客户端配置
小白零基础梯子配置,小白零基础梯子配置,14000,Up,长尾,图文教程,active,/categories/tutorial/,教程文章
2026便宜好用的梯子优选推荐,2026便宜好用的梯子优选推荐,19500,Up,长尾,商业推荐,active,/categories/recommend/,推荐文章
手机电脑翻墙加速器哪个好,手机电脑翻墙加速器哪个好,13000,Up,长尾,对比选购,active,/categories/recommend/,推荐文章
4K不卡顿的魔法上网机场,4K不卡顿的魔法上网机场,16500,Up,长尾,影音需求,active,/providers/twilight-net/,暮光网络
Shadowrocket与Clash节点导入教程,Shadowrocket与Clash节点导入教程,17500,Up,长尾,配置指南,active,/categories/tutorial/,教程文章
晚高峰不降速的IPLC梯子,晚高峰不降速的IPLC梯子,18500,Up,长尾,性能体验,active,/providers/lingdong-cloud/,灵动云
